Address_Index,Input_Z_Sample,Output_Sigmoid,LUT_Value_Q1_7_8
0,-5.00000000,0.00669285,2
1,-4.99022483,0.00675815,2
2,-4.98044966,0.00682408,2
3,-4.97067449,0.00689066,2
4,-4.96089932,0.00695787,2
5,-4.95112414,0.00702574,2
6,-4.94134897,0.00709427,2
7,-4.93157380,0.00716345,2
8,-4.92179863,0.00723331,2
9,-4.91202346,0.00730385,2
10,-4.90224829,0.00737506,2
11,-4.89247312,0.00744697,2
12,-4.88269795,0.00751957,2
13,-4.87292278,0.00759288,2
14,-4.86314761,0.00766689,2
15,-4.85337243,0.00774162,2
16,-4.84359726,0.00781707,2
17,-4.83382209,0.00789326,2
18,-4.82404692,0.00797017,2
19,-4.81427175,0.00804784,2
20,-4.80449658,0.00812625,2
21,-4.79472141,0.00820542,2
22,-4.78494624,0.00828535,2
23,-4.77517107,0.00836606,2
24,-4.76539589,0.00844755,2
25,-4.75562072,0.00852982,2
26,-4.74584555,0.00861289,2
27,-4.73607038,0.00869676,2
28,-4.72629521,0.00878144,2
29,-4.71652004,0.00886693,2
30,-4.70674487,0.00895325,2
31,-4.69696970,0.00904041,2
32,-4.68719453,0.00912840,2
33,-4.67741935,0.00921724,2
34,-4.66764418,0.00930694,2
35,-4.65786901,0.00939751,2
36,-4.64809384,0.00948894,2
37,-4.63831867,0.00958126,2
38,-4.62854350,0.00967447,2
39,-4.61876833,0.00976857,3
40,-4.60899316,0.00986358,3
41,-4.59921799,0.00995951,3
42,-4.58944282,0.01005636,3
43,-4.57966764,0.01015414,3
44,-4.56989247,0.01025286,3
45,-4.56011730,0.01035254,3
46,-4.55034213,0.01045317,3
47,-4.54056696,0.01055477,3
48,-4.53079179,0.01065734,3
49,-4.52101662,0.01076090,3
50,-4.51124145,0.01086546,3
51,-4.50146628,0.01097102,3
52,-4.49169110,0.01107760,3
53,-4.48191593,0.01118520,3
54,-4.47214076,0.01129383,3
55,-4.46236559,0.01140350,3
56,-4.45259042,0.01151423,3
57,-4.44281525,0.01162602,3
58,-4.43304008,0.01173889,3
59,-4.42326491,0.01185283,3
60,-4.41348974,0.01196787,3
61,-4.40371457,0.01208401,3
62,-4.39393939,0.01220126,3
63,-4.38416422,0.01231964,3
64,-4.37438905,0.01243915,3
65,-4.36461388,0.01255981,3
66,-4.35483871,0.01268162,3
67,-4.34506354,0.01280460,3
68,-4.33528837,0.01292875,3
69,-4.32551320,0.01305410,3
70,-4.31573803,0.01318064,3
71,-4.30596285,0.01330839,3
72,-4.29618768,0.01343736,3
73,-4.28641251,0.01356757,3
74,-4.27663734,0.01369902,4
75,-4.26686217,0.01383172,4
76,-4.25708700,0.01396570,4
77,-4.24731183,0.01410095,4
78,-4.23753666,0.01423749,4
79,-4.22776149,0.01437534,4
80,-4.21798631,0.01451450,4
81,-4.20821114,0.01465499,4
82,-4.19843597,0.01479681,4
83,-4.18866080,0.01493999,4
84,-4.17888563,0.01508454,4
85,-4.16911046,0.01523046,4
86,-4.15933529,0.01537777,4
87,-4.14956012,0.01552648,4
88,-4.13978495,0.01567661,4
89,-4.13000978,0.01582816,4
90,-4.12023460,0.01598116,4
91,-4.11045943,0.01613561,4
92,-4.10068426,0.01629153,4
93,-4.09090909,0.01644893,4
94,-4.08113392,0.01660783,4
95,-4.07135875,0.01676823,4
96,-4.06158358,0.01693016,4
97,-4.05180841,0.01709362,4
98,-4.04203324,0.01725864,4
99,-4.03225806,0.01742522,4
100,-4.02248289,0.01759337,5
101,-4.01270772,0.01776313,5
102,-4.00293255,0.01793449,5
103,-3.99315738,0.01810747,5
104,-3.98338221,0.01828209,5
105,-3.97360704,0.01845836,5
106,-3.96383187,0.01863630,5
107,-3.95405670,0.01881592,5
108,-3.94428152,0.01899724,5
109,-3.93450635,0.01918027,5
110,-3.92473118,0.01936503,5
111,-3.91495601,0.01955154,5
112,-3.90518084,0.01973981,5
113,-3.89540567,0.01992985,5
114,-3.88563050,0.02012168,5
115,-3.87585533,0.02031532,5
116,-3.86608016,0.02051079,5
117,-3.85630499,0.02070810,5
118,-3.84652981,0.02090726,5
119,-3.83675464,0.02110830,5
120,-3.82697947,0.02131123,5
121,-3.81720430,0.02151607,6
122,-3.80742913,0.02172283,6
123,-3.79765396,0.02193154,6
124,-3.78787879,0.02214220,6
125,-3.77810362,0.02235485,6
126,-3.76832845,0.02256948,6
127,-3.75855327,0.02278614,6
128,-3.74877810,0.02300482,6
129,-3.73900293,0.02322555,6
130,-3.72922776,0.02344834,6
131,-3.71945259,0.02367323,6
132,-3.70967742,0.02390021,6
133,-3.69990225,0.02412932,6
134,-3.69012708,0.02436057,6
135,-3.68035191,0.02459399,6
136,-3.67057674,0.02482958,6
137,-3.66080156,0.02506737,6
138,-3.65102639,0.02530737,6
139,-3.64125122,0.02554962,7
140,-3.63147605,0.02579412,7
141,-3.62170088,0.02604090,7
142,-3.61192571,0.02628998,7
143,-3.60215054,0.02654137,7
144,-3.59237537,0.02679511,7
145,-3.58260020,0.02705120,7
146,-3.57282502,0.02730967,7
147,-3.56304985,0.02757054,7
148,-3.55327468,0.02783383,7
149,-3.54349951,0.02809956,7
150,-3.53372434,0.02836775,7
151,-3.52394917,0.02863843,7
152,-3.51417400,0.02891162,7
153,-3.50439883,0.02918733,7
154,-3.49462366,0.02946559,8
155,-3.48484848,0.02974643,8
156,-3.47507331,0.03002985,8
157,-3.46529814,0.03031590,8
158,-3.45552297,0.03060458,8
159,-3.44574780,0.03089592,8
160,-3.43597263,0.03118995,8
161,-3.42619746,0.03148669,8
162,-3.41642229,0.03178615,8
163,-3.40664712,0.03208837,8
164,-3.39687195,0.03239337,8
165,-3.38709677,0.03270117,8
166,-3.37732160,0.03301179,8
167,-3.36754643,0.03332526,9
168,-3.35777126,0.03364160,9
169,-3.34799609,0.03396085,9
170,-3.33822092,0.03428301,9
171,-3.32844575,0.03460812,9
172,-3.31867058,0.03493620,9
173,-3.30889541,0.03526728,9
174,-3.29912023,0.03560138,9
175,-3.28934506,0.03593853,9
176,-3.27956989,0.03627875,9
177,-3.26979472,0.03662207,9
178,-3.26001955,0.03696851,9
179,-3.25024438,0.03731811,10
180,-3.24046921,0.03767088,10
181,-3.23069404,0.03802685,10
182,-3.22091887,0.03838605,10
183,-3.21114370,0.03874851,10
184,-3.20136852,0.03911426,10
185,-3.19159335,0.03948331,10
186,-3.18181818,0.03985570,10
187,-3.17204301,0.04023145,10
188,-3.16226784,0.04061060,10
189,-3.15249267,0.04099317,10
190,-3.14271750,0.04137919,11
191,-3.13294233,0.04176868,11
192,-3.12316716,0.04216168,11
193,-3.11339198,0.04255822,11
194,-3.10361681,0.04295831,11
195,-3.09384164,0.04336200,11
196,-3.08406647,0.04376930,11
197,-3.07429130,0.04418026,11
198,-3.06451613,0.04459489,11
199,-3.05474096,0.04501323,12
200,-3.04496579,0.04543531,12
201,-3.03519062,0.04586116,12
202,-3.02541544,0.04629081,12
203,-3.01564027,0.04672428,12
204,-3.00586510,0.04716161,12
205,-2.99608993,0.04760283,12
206,-2.98631476,0.04804797,12
207,-2.97653959,0.04849706,12
208,-2.96676442,0.04895013,13
209,-2.95698925,0.04940722,13
210,-2.94721408,0.04986835,13
211,-2.93743891,0.05033355,13
212,-2.92766373,0.05080287,13
213,-2.91788856,0.05127632,13
214,-2.90811339,0.05175394,13
215,-2.89833822,0.05223577,13
216,-2.88856305,0.05272184,13
217,-2.87878788,0.05321217,14
218,-2.86901271,0.05370681,14
219,-2.85923754,0.05420578,14
220,-2.84946237,0.05470911,14
221,-2.83968719,0.05521685,14
222,-2.82991202,0.05572903,14
223,-2.82013685,0.05624567,14
224,-2.81036168,0.05676681,15
225,-2.80058651,0.05729249,15
226,-2.79081134,0.05782274,15
227,-2.78103617,0.05835759,15
228,-2.77126100,0.05889708,15
229,-2.76148583,0.05944124,15
230,-2.75171065,0.05999011,15
231,-2.74193548,0.06054372,15
232,-2.73216031,0.06110211,16
233,-2.72238514,0.06166531,16
234,-2.71260997,0.06223336,16
235,-2.70283480,0.06280629,16
236,-2.69305963,0.06338414,16
237,-2.68328446,0.06396694,16
238,-2.67350929,0.06455473,17
239,-2.66373412,0.06514754,17
240,-2.65395894,0.06574542,17
241,-2.64418377,0.06634840,17
242,-2.63440860,0.06695650,17
243,-2.62463343,0.06756978,17
244,-2.61485826,0.06818827,17
245,-2.60508309,0.06881200,18
246,-2.59530792,0.06944101,18
247,-2.58553275,0.07007533,18
248,-2.57575758,0.07071501,18
249,-2.56598240,0.07136008,18
250,-2.55620723,0.07201058,18
251,-2.54643206,0.07266655,19
252,-2.53665689,0.07332802,19
253,-2.52688172,0.07399503,19
254,-2.51710655,0.07466761,19
255,-2.50733138,0.07534582,19
256,-2.49755621,0.07602968,19
257,-2.48778104,0.07671923,20
258,-2.47800587,0.07741451,20
259,-2.46823069,0.07811555,20
260,-2.45845552,0.07882241,20
261,-2.44868035,0.07953511,20
262,-2.43890518,0.08025369,21
263,-2.42913001,0.08097819,21
264,-2.41935484,0.08170865,21
265,-2.40957967,0.08244511,21
266,-2.39980450,0.08318761,21
267,-2.39002933,0.08393618,21
268,-2.38025415,0.08469086,22
269,-2.37047898,0.08545170,22
270,-2.36070381,0.08621873,22
271,-2.35092864,0.08699199,22
272,-2.34115347,0.08777152,22
273,-2.33137830,0.08855735,23
274,-2.32160313,0.08934953,23
275,-2.31182796,0.09014810,23
276,-2.30205279,0.09095309,23
277,-2.29227761,0.09176455,23
278,-2.28250244,0.09258251,24
279,-2.27272727,0.09340700,24
280,-2.26295210,0.09423808,24
281,-2.25317693,0.09507578,24
282,-2.24340176,0.09592014,25
283,-2.23362659,0.09677119,25
284,-2.22385142,0.09762898,25
285,-2.21407625,0.09849354,25
286,-2.20430108,0.09936492,25
287,-2.19452590,0.10024314,26
288,-2.18475073,0.10112826,26
289,-2.17497556,0.10202031,26
290,-2.16520039,0.10291932,26
291,-2.15542522,0.10382534,27
292,-2.14565005,0.10473841,27
293,-2.13587488,0.10565856,27
294,-2.12609971,0.10658583,27
295,-2.11632454,0.10752026,28
296,-2.10654936,0.10846189,28
297,-2.09677419,0.10941075,28
298,-2.08699902,0.11036688,28
299,-2.07722385,0.11133033,29
300,-2.06744868,0.11230113,29
301,-2.05767351,0.11327931,29
302,-2.04789834,0.11426491,29
303,-2.03812317,0.11525798,30
304,-2.02834800,0.11625855,30
305,-2.01857283,0.11726664,30
306,-2.00879765,0.11828231,30
307,-1.99902248,0.11930559,31
308,-1.98924731,0.12033652,31
309,-1.97947214,0.12137512,31
310,-1.96969697,0.12242144,31
311,-1.95992180,0.12347551,32
312,-1.95014663,0.12453737,32
313,-1.94037146,0.12560705,32
314,-1.93059629,0.12668460,32
315,-1.92082111,0.12777003,33
316,-1.91104594,0.12886339,33
317,-1.90127077,0.12996472,33
318,-1.89149560,0.13107404,34
319,-1.88172043,0.13219139,34
320,-1.87194526,0.13331680,34
321,-1.86217009,0.13445031,34
322,-1.85239492,0.13559195,35
323,-1.84261975,0.13674175,35
324,-1.83284457,0.13789975,35
325,-1.82306940,0.13906598,36
326,-1.81329423,0.14024046,36
327,-1.80351906,0.14142323,36
328,-1.79374389,0.14261432,37
329,-1.78396872,0.14381377,37
330,-1.77419355,0.14502160,37
331,-1.76441838,0.14623783,37
332,-1.75464321,0.14746251,38
333,-1.74486804,0.14869566,38
334,-1.73509286,0.14993731,38
335,-1.72531769,0.15118748,39
336,-1.71554252,0.15244621,39
337,-1.70576735,0.15371352,39
338,-1.69599218,0.15498943,40
339,-1.68621701,0.15627399,40
340,-1.67644184,0.15756720,40
341,-1.66666667,0.15886910,41
342,-1.65689150,0.16017972,41
343,-1.64711632,0.16149907,41
344,-1.63734115,0.16282718,42
345,-1.62756598,0.16416407,42
346,-1.61779081,0.16550977,42
347,-1.60801564,0.16686430,43
348,-1.59824047,0.16822768,43
349,-1.58846530,0.16959993,43
350,-1.57869013,0.17098107,44
351,-1.56891496,0.17237113,44
352,-1.55913978,0.17377012,44
353,-1.54936461,0.17517806,45
354,-1.53958944,0.17659497,45
355,-1.52981427,0.17802086,46
356,-1.52003910,0.17945576,46
357,-1.51026393,0.18089968,46
358,-1.50048876,0.18235264,47
359,-1.49071359,0.18381465,47
360,-1.48093842,0.18528572,47
361,-1.47116325,0.18676587,48
362,-1.46138807,0.18825511,48
363,-1.45161290,0.18975346,49
364,-1.44183773,0.19126093,49
365,-1.43206256,0.19277752,49
366,-1.42228739,0.19430324,50
367,-1.41251222,0.19583812,50
368,-1.40273705,0.19738214,51
369,-1.39296188,0.19893533,51
370,-1.38318671,0.20049769,51
371,-1.37341153,0.20206922,52
372,-1.36363636,0.20364993,52
373,-1.35386119,0.20523983,53
374,-1.34408602,0.20683892,53
375,-1.33431085,0.20844719,53
376,-1.32453568,0.21006466,54
377,-1.31476051,0.21169133,54
378,-1.30498534,0.21332719,55
379,-1.29521017,0.21497224,55
380,-1.28543500,0.21662649,55
381,-1.27565982,0.21828992,56
382,-1.26588465,0.21996255,56
383,-1.25610948,0.22164435,57
384,-1.24633431,0.22333533,57
385,-1.23655914,0.22503549,58
386,-1.22678397,0.22674480,58
387,-1.21700880,0.22846327,58
388,-1.20723363,0.23019089,59
389,-1.19745846,0.23192765,59
390,-1.18768328,0.23367353,60
391,-1.17790811,0.23542853,60
392,-1.16813294,0.23719263,61
393,-1.15835777,0.23896581,61
394,-1.14858260,0.24074807,62
395,-1.13880743,0.24253939,62
396,-1.12903226,0.24433974,63
397,-1.11925709,0.24614911,63
398,-1.10948192,0.24796749,63
399,-1.09970674,0.24979485,64
400,-1.08993157,0.25163116,64
401,-1.08015640,0.25347642,65
402,-1.07038123,0.25533059,65
403,-1.06060606,0.25719365,66
404,-1.05083089,0.25906558,66
405,-1.04105572,0.26094634,67
406,-1.03128055,0.26283592,67
407,-1.02150538,0.26473428,68
408,-1.01173021,0.26664138,68
409,-1.00195503,0.26855721,69
410,-0.99217986,0.27048173,69
411,-0.98240469,0.27241490,70
412,-0.97262952,0.27435669,70
413,-0.96285435,0.27630707,71
414,-0.95307918,0.27826600,71
415,-0.94330401,0.28023343,72
416,-0.93352884,0.28220934,72
417,-0.92375367,0.28419368,73
418,-0.91397849,0.28618640,73
419,-0.90420332,0.28818748,74
420,-0.89442815,0.29019686,74
421,-0.88465298,0.29221450,75
422,-0.87487781,0.29424035,75
423,-0.86510264,0.29627436,76
424,-0.85532747,0.29831649,76
425,-0.84555230,0.30036670,77
426,-0.83577713,0.30242491,77
427,-0.82600196,0.30449110,78
428,-0.81622678,0.30656520,78
429,-0.80645161,0.30864715,79
430,-0.79667644,0.31073691,80
431,-0.78690127,0.31283441,80
432,-0.77712610,0.31493961,81
433,-0.76735093,0.31705243,81
434,-0.75757576,0.31917283,82
435,-0.74780059,0.32130073,82
436,-0.73802542,0.32343608,83
437,-0.72825024,0.32557882,83
438,-0.71847507,0.32772887,84
439,-0.70869990,0.32988618,84
440,-0.69892473,0.33205067,85
441,-0.68914956,0.33422228,86
442,-0.67937439,0.33640095,86
443,-0.66959922,0.33858659,87
444,-0.65982405,0.34077914,87
445,-0.65004888,0.34297852,88
446,-0.64027370,0.34518467,88
447,-0.63049853,0.34739751,89
448,-0.62072336,0.34961695,90
449,-0.61094819,0.35184293,90
450,-0.60117302,0.35407537,91
451,-0.59139785,0.35631419,91
452,-0.58162268,0.35855930,92
453,-0.57184751,0.36081063,92
454,-0.56207234,0.36306810,93
455,-0.55229717,0.36533161,94
456,-0.54252199,0.36760110,94
457,-0.53274682,0.36987646,95
458,-0.52297165,0.37215763,95
459,-0.51319648,0.37444450,96
460,-0.50342131,0.37673699,96
461,-0.49364614,0.37903501,97
462,-0.48387097,0.38133847,98
463,-0.47409580,0.38364728,98
464,-0.46432063,0.38596135,99
465,-0.45454545,0.38828059,99
466,-0.44477028,0.39060490,100
467,-0.43499511,0.39293418,101
468,-0.42521994,0.39526834,101
469,-0.41544477,0.39760729,102
470,-0.40566960,0.39995092,102
471,-0.39589443,0.40229915,103
472,-0.38611926,0.40465186,104
473,-0.37634409,0.40700896,104
474,-0.36656891,0.40937035,105
475,-0.35679374,0.41173593,105
476,-0.34701857,0.41410560,106
477,-0.33724340,0.41647924,107
478,-0.32746823,0.41885677,107
479,-0.31769306,0.42123807,108
480,-0.30791789,0.42362304,108
481,-0.29814272,0.42601157,109
482,-0.28836755,0.42840357,110
483,-0.27859238,0.43079891,110
484,-0.26881720,0.43319749,111
485,-0.25904203,0.43559921,112
486,-0.24926686,0.43800396,112
487,-0.23949169,0.44041162,113
488,-0.22971652,0.44282209,113
489,-0.21994135,0.44523525,114
490,-0.21016618,0.44765100,115
491,-0.20039101,0.45006922,115
492,-0.19061584,0.45248981,116
493,-0.18084066,0.45491264,116
494,-0.17106549,0.45733761,117
495,-0.16129032,0.45976461,118
496,-0.15151515,0.46219351,118
497,-0.14173998,0.46462421,119
498,-0.13196481,0.46705659,120
499,-0.12218964,0.46949054,120
500,-0.11241447,0.47192594,121
501,-0.10263930,0.47436268,121
502,-0.09286413,0.47680064,122
503,-0.08308895,0.47923970,123
504,-0.07331378,0.48167976,123
505,-0.06353861,0.48412069,124
506,-0.05376344,0.48656238,125
507,-0.04398827,0.48900471,125
508,-0.03421310,0.49144756,126
509,-0.02443793,0.49389082,126
510,-0.01466276,0.49633438,127
511,-0.00488759,0.49877811,128
512,0.00488759,0.50122189,128
513,0.01466276,0.50366562,129
514,0.02443793,0.50610918,130
515,0.03421310,0.50855244,130
516,0.04398827,0.51099529,131
517,0.05376344,0.51343762,131
518,0.06353861,0.51587931,132
519,0.07331378,0.51832024,133
520,0.08308895,0.52076030,133
521,0.09286413,0.52319936,134
522,0.10263930,0.52563732,135
523,0.11241447,0.52807406,135
524,0.12218964,0.53050946,136
525,0.13196481,0.53294341,136
526,0.14173998,0.53537579,137
527,0.15151515,0.53780649,138
528,0.16129032,0.54023539,138
529,0.17106549,0.54266239,139
530,0.18084066,0.54508736,140
531,0.19061584,0.54751019,140
532,0.20039101,0.54993078,141
533,0.21016618,0.55234900,141
534,0.21994135,0.55476475,142
535,0.22971652,0.55717791,143
536,0.23949169,0.55958838,143
537,0.24926686,0.56199604,144
538,0.25904203,0.56440079,144
539,0.26881720,0.56680251,145
540,0.27859238,0.56920109,146
541,0.28836755,0.57159643,146
542,0.29814272,0.57398843,147
543,0.30791789,0.57637696,148
544,0.31769306,0.57876193,148
545,0.32746823,0.58114323,149
546,0.33724340,0.58352076,149
547,0.34701857,0.58589440,150
548,0.35679374,0.58826407,151
549,0.36656891,0.59062965,151
550,0.37634409,0.59299104,152
551,0.38611926,0.59534814,152
552,0.39589443,0.59770085,153
553,0.40566960,0.60004908,154
554,0.41544477,0.60239271,154
555,0.42521994,0.60473166,155
556,0.43499511,0.60706582,155
557,0.44477028,0.60939510,156
558,0.45454545,0.61171941,157
559,0.46432063,0.61403865,157
560,0.47409580,0.61635272,158
561,0.48387097,0.61866153,158
562,0.49364614,0.62096499,159
563,0.50342131,0.62326301,160
564,0.51319648,0.62555550,160
565,0.52297165,0.62784237,161
566,0.53274682,0.63012354,161
567,0.54252199,0.63239890,162
568,0.55229717,0.63466839,162
569,0.56207234,0.63693190,163
570,0.57184751,0.63918937,164
571,0.58162268,0.64144070,164
572,0.59139785,0.64368581,165
573,0.60117302,0.64592463,165
574,0.61094819,0.64815707,166
575,0.62072336,0.65038305,166
576,0.63049853,0.65260249,167
577,0.64027370,0.65481533,168
578,0.65004888,0.65702148,168
579,0.65982405,0.65922086,169
580,0.66959922,0.66141341,169
581,0.67937439,0.66359905,170
582,0.68914956,0.66577772,170
583,0.69892473,0.66794933,171
584,0.70869990,0.67011382,172
585,0.71847507,0.67227113,172
586,0.72825024,0.67442118,173
587,0.73802542,0.67656392,173
588,0.74780059,0.67869927,174
589,0.75757576,0.68082717,174
590,0.76735093,0.68294757,175
591,0.77712610,0.68506039,175
592,0.78690127,0.68716559,176
593,0.79667644,0.68926309,176
594,0.80645161,0.69135285,177
595,0.81622678,0.69343480,178
596,0.82600196,0.69550890,178
597,0.83577713,0.69757509,179
598,0.84555230,0.69963330,179
599,0.85532747,0.70168351,180
600,0.86510264,0.70372564,180
601,0.87487781,0.70575965,181
602,0.88465298,0.70778550,181
603,0.89442815,0.70980314,182
604,0.90420332,0.71181252,182
605,0.91397849,0.71381360,183
606,0.92375367,0.71580632,183
607,0.93352884,0.71779066,184
608,0.94330401,0.71976657,184
609,0.95307918,0.72173400,185
610,0.96285435,0.72369293,185
611,0.97262952,0.72564331,186
612,0.98240469,0.72758510,186
613,0.99217986,0.72951827,187
614,1.00195503,0.73144279,187
615,1.01173021,0.73335862,188
616,1.02150538,0.73526572,188
617,1.03128055,0.73716408,189
618,1.04105572,0.73905366,189
619,1.05083089,0.74093442,190
620,1.06060606,0.74280635,190
621,1.07038123,0.74466941,191
622,1.08015640,0.74652358,191
623,1.08993157,0.74836884,192
624,1.09970674,0.75020515,192
625,1.10948192,0.75203251,193
626,1.11925709,0.75385089,193
627,1.12903226,0.75566026,193
628,1.13880743,0.75746061,194
629,1.14858260,0.75925193,194
630,1.15835777,0.76103419,195
631,1.16813294,0.76280737,195
632,1.17790811,0.76457147,196
633,1.18768328,0.76632647,196
634,1.19745846,0.76807235,197
635,1.20723363,0.76980911,197
636,1.21700880,0.77153673,198
637,1.22678397,0.77325520,198
638,1.23655914,0.77496451,198
639,1.24633431,0.77666467,199
640,1.25610948,0.77835565,199
641,1.26588465,0.78003745,200
642,1.27565982,0.78171008,200
643,1.28543500,0.78337351,201
644,1.29521017,0.78502776,201
645,1.30498534,0.78667281,201
646,1.31476051,0.78830867,202
647,1.32453568,0.78993534,202
648,1.33431085,0.79155281,203
649,1.34408602,0.79316108,203
650,1.35386119,0.79476017,203
651,1.36363636,0.79635007,204
652,1.37341153,0.79793078,204
653,1.38318671,0.79950231,205
654,1.39296188,0.80106467,205
655,1.40273705,0.80261786,205
656,1.41251222,0.80416188,206
657,1.42228739,0.80569676,206
658,1.43206256,0.80722248,207
659,1.44183773,0.80873907,207
660,1.45161290,0.81024654,207
661,1.46138807,0.81174489,208
662,1.47116325,0.81323413,208
663,1.48093842,0.81471428,209
664,1.49071359,0.81618535,209
665,1.50048876,0.81764736,209
666,1.51026393,0.81910032,210
667,1.52003910,0.82054424,210
668,1.52981427,0.82197914,210
669,1.53958944,0.82340503,211
670,1.54936461,0.82482194,211
671,1.55913978,0.82622988,212
672,1.56891496,0.82762887,212
673,1.57869013,0.82901893,212
674,1.58846530,0.83040007,213
675,1.59824047,0.83177232,213
676,1.60801564,0.83313570,213
677,1.61779081,0.83449023,214
678,1.62756598,0.83583593,214
679,1.63734115,0.83717282,214
680,1.64711632,0.83850093,215
681,1.65689150,0.83982028,215
682,1.66666667,0.84113090,215
683,1.67644184,0.84243280,216
684,1.68621701,0.84372601,216
685,1.69599218,0.84501057,216
686,1.70576735,0.84628648,217
687,1.71554252,0.84755379,217
688,1.72531769,0.84881252,217
689,1.73509286,0.85006269,218
690,1.74486804,0.85130434,218
691,1.75464321,0.85253749,218
692,1.76441838,0.85376217,219
693,1.77419355,0.85497840,219
694,1.78396872,0.85618623,219
695,1.79374389,0.85738568,219
696,1.80351906,0.85857677,220
697,1.81329423,0.85975954,220
698,1.82306940,0.86093402,220
699,1.83284457,0.86210025,221
700,1.84261975,0.86325825,221
701,1.85239492,0.86440805,221
702,1.86217009,0.86554969,222
703,1.87194526,0.86668320,222
704,1.88172043,0.86780861,222
705,1.89149560,0.86892596,222
706,1.90127077,0.87003528,223
707,1.91104594,0.87113661,223
708,1.92082111,0.87222997,223
709,1.93059629,0.87331540,224
710,1.94037146,0.87439295,224
711,1.95014663,0.87546263,224
712,1.95992180,0.87652449,224
713,1.96969697,0.87757856,225
714,1.97947214,0.87862488,225
715,1.98924731,0.87966348,225
716,1.99902248,0.88069441,225
717,2.00879765,0.88171769,226
718,2.01857283,0.88273336,226
719,2.02834800,0.88374145,226
720,2.03812317,0.88474202,226
721,2.04789834,0.88573509,227
722,2.05767351,0.88672069,227
723,2.06744868,0.88769887,227
724,2.07722385,0.88866967,227
725,2.08699902,0.88963312,228
726,2.09677419,0.89058925,228
727,2.10654936,0.89153811,228
728,2.11632454,0.89247974,228
729,2.12609971,0.89341417,229
730,2.13587488,0.89434144,229
731,2.14565005,0.89526159,229
732,2.15542522,0.89617466,229
733,2.16520039,0.89708068,230
734,2.17497556,0.89797969,230
735,2.18475073,0.89887174,230
736,2.19452590,0.89975686,230
737,2.20430108,0.90063508,231
738,2.21407625,0.90150646,231
739,2.22385142,0.90237102,231
740,2.23362659,0.90322881,231
741,2.24340176,0.90407986,231
742,2.25317693,0.90492422,232
743,2.26295210,0.90576192,232
744,2.27272727,0.90659300,232
745,2.28250244,0.90741749,232
746,2.29227761,0.90823545,233
747,2.30205279,0.90904691,233
748,2.31182796,0.90985190,233
749,2.32160313,0.91065047,233
750,2.33137830,0.91144265,233
751,2.34115347,0.91222848,234
752,2.35092864,0.91300801,234
753,2.36070381,0.91378127,234
754,2.37047898,0.91454830,234
755,2.38025415,0.91530914,234
756,2.39002933,0.91606382,235
757,2.39980450,0.91681239,235
758,2.40957967,0.91755489,235
759,2.41935484,0.91829135,235
760,2.42913001,0.91902181,235
761,2.43890518,0.91974631,235
762,2.44868035,0.92046489,236
763,2.45845552,0.92117759,236
764,2.46823069,0.92188445,236
765,2.47800587,0.92258549,236
766,2.48778104,0.92328077,236
767,2.49755621,0.92397032,237
768,2.50733138,0.92465418,237
769,2.51710655,0.92533239,237
770,2.52688172,0.92600497,237
771,2.53665689,0.92667198,237
772,2.54643206,0.92733345,237
773,2.55620723,0.92798942,238
774,2.56598240,0.92863992,238
775,2.57575758,0.92928499,238
776,2.58553275,0.92992467,238
777,2.59530792,0.93055899,238
778,2.60508309,0.93118800,238
779,2.61485826,0.93181173,239
780,2.62463343,0.93243022,239
781,2.63440860,0.93304350,239
782,2.64418377,0.93365160,239
783,2.65395894,0.93425458,239
784,2.66373412,0.93485246,239
785,2.67350929,0.93544527,239
786,2.68328446,0.93603306,240
787,2.69305963,0.93661586,240
788,2.70283480,0.93719371,240
789,2.71260997,0.93776664,240
790,2.72238514,0.93833469,240
791,2.73216031,0.93889789,240
792,2.74193548,0.93945628,241
793,2.75171065,0.94000989,241
794,2.76148583,0.94055876,241
795,2.77126100,0.94110292,241
796,2.78103617,0.94164241,241
797,2.79081134,0.94217726,241
798,2.80058651,0.94270751,241
799,2.81036168,0.94323319,241
800,2.82013685,0.94375433,242
801,2.82991202,0.94427097,242
802,2.83968719,0.94478315,242
803,2.84946237,0.94529089,242
804,2.85923754,0.94579422,242
805,2.86901271,0.94629319,242
806,2.87878788,0.94678783,242
807,2.88856305,0.94727816,243
808,2.89833822,0.94776423,243
809,2.90811339,0.94824606,243
810,2.91788856,0.94872368,243
811,2.92766373,0.94919713,243
812,2.93743891,0.94966645,243
813,2.94721408,0.95013165,243
814,2.95698925,0.95059278,243
815,2.96676442,0.95104987,243
816,2.97653959,0.95150294,244
817,2.98631476,0.95195203,244
818,2.99608993,0.95239717,244
819,3.00586510,0.95283839,244
820,3.01564027,0.95327572,244
821,3.02541544,0.95370919,244
822,3.03519062,0.95413884,244
823,3.04496579,0.95456469,244
824,3.05474096,0.95498677,244
825,3.06451613,0.95540511,245
826,3.07429130,0.95581974,245
827,3.08406647,0.95623070,245
828,3.09384164,0.95663800,245
829,3.10361681,0.95704169,245
830,3.11339198,0.95744178,245
831,3.12316716,0.95783832,245
832,3.13294233,0.95823132,245
833,3.14271750,0.95862081,245
834,3.15249267,0.95900683,246
835,3.16226784,0.95938940,246
836,3.17204301,0.95976855,246
837,3.18181818,0.96014430,246
838,3.19159335,0.96051669,246
839,3.20136852,0.96088574,246
840,3.21114370,0.96125149,246
841,3.22091887,0.96161395,246
842,3.23069404,0.96197315,246
843,3.24046921,0.96232912,246
844,3.25024438,0.96268189,246
845,3.26001955,0.96303149,247
846,3.26979472,0.96337793,247
847,3.27956989,0.96372125,247
848,3.28934506,0.96406147,247
849,3.29912023,0.96439862,247
850,3.30889541,0.96473272,247
851,3.31867058,0.96506380,247
852,3.32844575,0.96539188,247
853,3.33822092,0.96571699,247
854,3.34799609,0.96603915,247
855,3.35777126,0.96635840,247
856,3.36754643,0.96667474,247
857,3.37732160,0.96698821,248
858,3.38709677,0.96729883,248
859,3.39687195,0.96760663,248
860,3.40664712,0.96791163,248
861,3.41642229,0.96821385,248
862,3.42619746,0.96851331,248
863,3.43597263,0.96881005,248
864,3.44574780,0.96910408,248
865,3.45552297,0.96939542,248
866,3.46529814,0.96968410,248
867,3.47507331,0.96997015,248
868,3.48484848,0.97025357,248
869,3.49462366,0.97053441,248
870,3.50439883,0.97081267,249
871,3.51417400,0.97108838,249
872,3.52394917,0.97136157,249
873,3.53372434,0.97163225,249
874,3.54349951,0.97190044,249
875,3.55327468,0.97216617,249
876,3.56304985,0.97242946,249
877,3.57282502,0.97269033,249
878,3.58260020,0.97294880,249
879,3.59237537,0.97320489,249
880,3.60215054,0.97345863,249
881,3.61192571,0.97371002,249
882,3.62170088,0.97395910,249
883,3.63147605,0.97420588,249
884,3.64125122,0.97445038,249
885,3.65102639,0.97469263,250
886,3.66080156,0.97493263,250
887,3.67057674,0.97517042,250
888,3.68035191,0.97540601,250
889,3.69012708,0.97563943,250
890,3.69990225,0.97587068,250
891,3.70967742,0.97609979,250
892,3.71945259,0.97632677,250
893,3.72922776,0.97655166,250
894,3.73900293,0.97677445,250
895,3.74877810,0.97699518,250
896,3.75855327,0.97721386,250
897,3.76832845,0.97743052,250
898,3.77810362,0.97764515,250
899,3.78787879,0.97785780,250
900,3.79765396,0.97806846,250
901,3.80742913,0.97827717,250
902,3.81720430,0.97848393,250
903,3.82697947,0.97868877,251
904,3.83675464,0.97889170,251
905,3.84652981,0.97909274,251
906,3.85630499,0.97929190,251
907,3.86608016,0.97948921,251
908,3.87585533,0.97968468,251
909,3.88563050,0.97987832,251
910,3.89540567,0.98007015,251
911,3.90518084,0.98026019,251
912,3.91495601,0.98044846,251
913,3.92473118,0.98063497,251
914,3.93450635,0.98081973,251
915,3.94428152,0.98100276,251
916,3.95405670,0.98118408,251
917,3.96383187,0.98136370,251
918,3.97360704,0.98154164,251
919,3.98338221,0.98171791,251
920,3.99315738,0.98189253,251
921,4.00293255,0.98206551,251
922,4.01270772,0.98223687,251
923,4.02248289,0.98240663,251
924,4.03225806,0.98257478,252
925,4.04203324,0.98274136,252
926,4.05180841,0.98290638,252
927,4.06158358,0.98306984,252
928,4.07135875,0.98323177,252
929,4.08113392,0.98339217,252
930,4.09090909,0.98355107,252
931,4.10068426,0.98370847,252
932,4.11045943,0.98386439,252
933,4.12023460,0.98401884,252
934,4.13000978,0.98417184,252
935,4.13978495,0.98432339,252
936,4.14956012,0.98447352,252
937,4.15933529,0.98462223,252
938,4.16911046,0.98476954,252
939,4.17888563,0.98491546,252
940,4.18866080,0.98506001,252
941,4.19843597,0.98520319,252
942,4.20821114,0.98534501,252
943,4.21798631,0.98548550,252
944,4.22776149,0.98562466,252
945,4.23753666,0.98576251,252
946,4.24731183,0.98589905,252
947,4.25708700,0.98603430,252
948,4.26686217,0.98616828,252
949,4.27663734,0.98630098,252
950,4.28641251,0.98643243,253
951,4.29618768,0.98656264,253
952,4.30596285,0.98669161,253
953,4.31573803,0.98681936,253
954,4.32551320,0.98694590,253
955,4.33528837,0.98707125,253
956,4.34506354,0.98719540,253
957,4.35483871,0.98731838,253
958,4.36461388,0.98744019,253
959,4.37438905,0.98756085,253
960,4.38416422,0.98768036,253
961,4.39393939,0.98779874,253
962,4.40371457,0.98791599,253
963,4.41348974,0.98803213,253
964,4.42326491,0.98814717,253
965,4.43304008,0.98826111,253
966,4.44281525,0.98837398,253
967,4.45259042,0.98848577,253
968,4.46236559,0.98859650,253
969,4.47214076,0.98870617,253
970,4.48191593,0.98881480,253
971,4.49169110,0.98892240,253
972,4.50146628,0.98902898,253
973,4.51124145,0.98913454,253
974,4.52101662,0.98923910,253
975,4.53079179,0.98934266,253
976,4.54056696,0.98944523,253
977,4.55034213,0.98954683,253
978,4.56011730,0.98964746,253
979,4.56989247,0.98974714,253
980,4.57966764,0.98984586,253
981,4.58944282,0.98994364,253
982,4.59921799,0.99004049,253
983,4.60899316,0.99013642,253
984,4.61876833,0.99023143,253
985,4.62854350,0.99032553,254
986,4.63831867,0.99041874,254
987,4.64809384,0.99051106,254
988,4.65786901,0.99060249,254
989,4.66764418,0.99069306,254
990,4.67741935,0.99078276,254
991,4.68719453,0.99087160,254
992,4.69696970,0.99095959,254
993,4.70674487,0.99104675,254
994,4.71652004,0.99113307,254
995,4.72629521,0.99121856,254
996,4.73607038,0.99130324,254
997,4.74584555,0.99138711,254
998,4.75562072,0.99147018,254
999,4.76539589,0.99155245,254
1000,4.77517107,0.99163394,254
1001,4.78494624,0.99171465,254
1002,4.79472141,0.99179458,254
1003,4.80449658,0.99187375,254
1004,4.81427175,0.99195216,254
1005,4.82404692,0.99202983,254
1006,4.83382209,0.99210674,254
1007,4.84359726,0.99218293,254
1008,4.85337243,0.99225838,254
1009,4.86314761,0.99233311,254
1010,4.87292278,0.99240712,254
1011,4.88269795,0.99248043,254
1012,4.89247312,0.99255303,254
1013,4.90224829,0.99262494,254
1014,4.91202346,0.99269615,254
1015,4.92179863,0.99276669,254
1016,4.93157380,0.99283655,254
1017,4.94134897,0.99290573,254
1018,4.95112414,0.99297426,254
1019,4.96089932,0.99304213,254
1020,4.97067449,0.99310934,254
1021,4.98044966,0.99317592,254
1022,4.99022483,0.99324185,254
1023,5.00000000,0.99330715,254
