Address_Index,Input_Z_Sample,Output_Tanh,LUT_Value_Q1_7_8
0,-5.00000000,-0.99990920,-256
1,-4.99022483,-0.99990741,-256
2,-4.98044966,-0.99990558,-256
3,-4.97067449,-0.99990372,-256
4,-4.96089932,-0.99990182,-256
5,-4.95112414,-0.99989988,-256
6,-4.94134897,-0.99989790,-256
7,-4.93157380,-0.99989589,-256
8,-4.92179863,-0.99989383,-256
9,-4.91202346,-0.99989174,-256
10,-4.90224829,-0.99988960,-256
11,-4.89247312,-0.99988742,-256
12,-4.88269795,-0.99988520,-256
13,-4.87292278,-0.99988293,-256
14,-4.86314761,-0.99988062,-256
15,-4.85337243,-0.99987826,-256
16,-4.84359726,-0.99987586,-256
17,-4.83382209,-0.99987341,-256
18,-4.82404692,-0.99987091,-256
19,-4.81427175,-0.99986836,-256
20,-4.80449658,-0.99986576,-256
21,-4.79472141,-0.99986311,-256
22,-4.78494624,-0.99986041,-256
23,-4.77517107,-0.99985766,-256
24,-4.76539589,-0.99985485,-256
25,-4.75562072,-0.99985198,-256
26,-4.74584555,-0.99984906,-256
27,-4.73607038,-0.99984608,-256
28,-4.72629521,-0.99984304,-256
29,-4.71652004,-0.99983994,-256
30,-4.70674487,-0.99983678,-256
31,-4.69696970,-0.99983356,-256
32,-4.68719453,-0.99983027,-256
33,-4.67741935,-0.99982692,-256
34,-4.66764418,-0.99982351,-256
35,-4.65786901,-0.99982002,-256
36,-4.64809384,-0.99981647,-256
37,-4.63831867,-0.99981285,-256
38,-4.62854350,-0.99980915,-256
39,-4.61876833,-0.99980538,-256
40,-4.60899316,-0.99980154,-256
41,-4.59921799,-0.99979763,-256
42,-4.58944282,-0.99979363,-256
43,-4.57966764,-0.99978956,-256
44,-4.56989247,-0.99978540,-256
45,-4.56011730,-0.99978117,-256
46,-4.55034213,-0.99977685,-256
47,-4.54056696,-0.99977244,-256
48,-4.53079179,-0.99976795,-256
49,-4.52101662,-0.99976337,-256
50,-4.51124145,-0.99975870,-256
51,-4.50146628,-0.99975393,-256
52,-4.49169110,-0.99974908,-256
53,-4.48191593,-0.99974412,-256
54,-4.47214076,-0.99973907,-256
55,-4.46236559,-0.99973392,-256
56,-4.45259042,-0.99972867,-256
57,-4.44281525,-0.99972331,-256
58,-4.43304008,-0.99971785,-256
59,-4.42326491,-0.99971228,-256
60,-4.41348974,-0.99970660,-256
61,-4.40371457,-0.99970081,-256
62,-4.39393939,-0.99969490,-256
63,-4.38416422,-0.99968888,-256
64,-4.37438905,-0.99968274,-256
65,-4.36461388,-0.99967648,-256
66,-4.35483871,-0.99967009,-256
67,-4.34506354,-0.99966358,-256
68,-4.33528837,-0.99965694,-256
69,-4.32551320,-0.99965017,-256
70,-4.31573803,-0.99964326,-256
71,-4.30596285,-0.99963622,-256
72,-4.29618768,-0.99962904,-256
73,-4.28641251,-0.99962172,-256
74,-4.27663734,-0.99961425,-256
75,-4.26686217,-0.99960664,-256
76,-4.25708700,-0.99959887,-256
77,-4.24731183,-0.99959095,-256
78,-4.23753666,-0.99958288,-256
79,-4.22776149,-0.99957465,-256
80,-4.21798631,-0.99956625,-256
81,-4.20821114,-0.99955769,-256
82,-4.19843597,-0.99954896,-256
83,-4.18866080,-0.99954006,-256
84,-4.17888563,-0.99953098,-256
85,-4.16911046,-0.99952172,-256
86,-4.15933529,-0.99951228,-256
87,-4.14956012,-0.99950265,-256
88,-4.13978495,-0.99949284,-256
89,-4.13000978,-0.99948283,-256
90,-4.12023460,-0.99947262,-256
91,-4.11045943,-0.99946221,-256
92,-4.10068426,-0.99945159,-256
93,-4.09090909,-0.99944077,-256
94,-4.08113392,-0.99942973,-256
95,-4.07135875,-0.99941848,-256
96,-4.06158358,-0.99940700,-256
97,-4.05180841,-0.99939530,-256
98,-4.04203324,-0.99938336,-256
99,-4.03225806,-0.99937119,-256
100,-4.02248289,-0.99935878,-256
101,-4.01270772,-0.99934613,-256
102,-4.00293255,-0.99933322,-256
103,-3.99315738,-0.99932006,-256
104,-3.98338221,-0.99930664,-256
105,-3.97360704,-0.99929296,-256
106,-3.96383187,-0.99927900,-256
107,-3.95405670,-0.99926477,-256
108,-3.94428152,-0.99925027,-256
109,-3.93450635,-0.99923547,-256
110,-3.92473118,-0.99922038,-256
111,-3.91495601,-0.99920500,-256
112,-3.90518084,-0.99918931,-256
113,-3.89540567,-0.99917331,-256
114,-3.88563050,-0.99915699,-256
115,-3.87585533,-0.99914036,-256
116,-3.86608016,-0.99912339,-256
117,-3.85630499,-0.99910609,-256
118,-3.84652981,-0.99908845,-256
119,-3.83675464,-0.99907047,-256
120,-3.82697947,-0.99905212,-256
121,-3.81720430,-0.99903342,-256
122,-3.80742913,-0.99901434,-256
123,-3.79765396,-0.99899490,-256
124,-3.78787879,-0.99897506,-256
125,-3.77810362,-0.99895484,-256
126,-3.76832845,-0.99893421,-256
127,-3.75855327,-0.99891318,-256
128,-3.74877810,-0.99889174,-256
129,-3.73900293,-0.99886987,-256
130,-3.72922776,-0.99884757,-256
131,-3.71945259,-0.99882483,-256
132,-3.70967742,-0.99880165,-256
133,-3.69990225,-0.99877800,-256
134,-3.69012708,-0.99875389,-256
135,-3.68035191,-0.99872931,-256
136,-3.67057674,-0.99870424,-256
137,-3.66080156,-0.99867867,-256
138,-3.65102639,-0.99865260,-256
139,-3.64125122,-0.99862602,-256
140,-3.63147605,-0.99859891,-256
141,-3.62170088,-0.99857127,-256
142,-3.61192571,-0.99854308,-256
143,-3.60215054,-0.99851434,-256
144,-3.59237537,-0.99848503,-256
145,-3.58260020,-0.99845515,-256
146,-3.57282502,-0.99842467,-256
147,-3.56304985,-0.99839359,-256
148,-3.55327468,-0.99836191,-256
149,-3.54349951,-0.99832959,-256
150,-3.53372434,-0.99829664,-256
151,-3.52394917,-0.99826304,-256
152,-3.51417400,-0.99822878,-256
153,-3.50439883,-0.99819384,-256
154,-3.49462366,-0.99815822,-256
155,-3.48484848,-0.99812189,-256
156,-3.47507331,-0.99808485,-256
157,-3.46529814,-0.99804707,-256
158,-3.45552297,-0.99800856,-255
159,-3.44574780,-0.99796928,-255
160,-3.43597263,-0.99792923,-255
161,-3.42619746,-0.99788839,-255
162,-3.41642229,-0.99784674,-255
163,-3.40664712,-0.99780428,-255
164,-3.39687195,-0.99776098,-255
165,-3.38709677,-0.99771683,-255
166,-3.37732160,-0.99767180,-255
167,-3.36754643,-0.99762589,-255
168,-3.35777126,-0.99757908,-255
169,-3.34799609,-0.99753134,-255
170,-3.33822092,-0.99748266,-255
171,-3.32844575,-0.99743303,-255
172,-3.31867058,-0.99738242,-255
173,-3.30889541,-0.99733081,-255
174,-3.29912023,-0.99727818,-255
175,-3.28934506,-0.99722452,-255
176,-3.27956989,-0.99716980,-255
177,-3.26979472,-0.99711401,-255
178,-3.26001955,-0.99705711,-255
179,-3.25024438,-0.99699910,-255
180,-3.24046921,-0.99693995,-255
181,-3.23069404,-0.99687963,-255
182,-3.22091887,-0.99681812,-255
183,-3.21114370,-0.99675540,-255
184,-3.20136852,-0.99669145,-255
185,-3.19159335,-0.99662624,-255
186,-3.18181818,-0.99655975,-255
187,-3.17204301,-0.99649195,-255
188,-3.16226784,-0.99642281,-255
189,-3.15249267,-0.99635232,-255
190,-3.14271750,-0.99628044,-255
191,-3.13294233,-0.99620714,-255
192,-3.12316716,-0.99613241,-255
193,-3.11339198,-0.99605620,-255
194,-3.10361681,-0.99597850,-255
195,-3.09384164,-0.99589926,-255
196,-3.08406647,-0.99581847,-255
197,-3.07429130,-0.99573609,-255
198,-3.06451613,-0.99565210,-255
199,-3.05474096,-0.99556645,-255
200,-3.04496579,-0.99547911,-255
201,-3.03519062,-0.99539007,-255
202,-3.02541544,-0.99529927,-255
203,-3.01564027,-0.99520668,-255
204,-3.00586510,-0.99511228,-255
205,-2.99608993,-0.99501603,-255
206,-2.98631476,-0.99491788,-255
207,-2.97653959,-0.99481780,-255
208,-2.96676442,-0.99471576,-255
209,-2.95698925,-0.99461172,-255
210,-2.94721408,-0.99450563,-255
211,-2.93743891,-0.99439746,-255
212,-2.92766373,-0.99428717,-255
213,-2.91788856,-0.99417471,-255
214,-2.90811339,-0.99406005,-254
215,-2.89833822,-0.99394313,-254
216,-2.88856305,-0.99382392,-254
217,-2.87878788,-0.99370237,-254
218,-2.86901271,-0.99357844,-254
219,-2.85923754,-0.99345208,-254
220,-2.84946237,-0.99332323,-254
221,-2.83968719,-0.99319187,-254
222,-2.82991202,-0.99305792,-254
223,-2.82013685,-0.99292135,-254
224,-2.81036168,-0.99278210,-254
225,-2.80058651,-0.99264013,-254
226,-2.79081134,-0.99249537,-254
227,-2.78103617,-0.99234777,-254
228,-2.77126100,-0.99219729,-254
229,-2.76148583,-0.99204385,-254
230,-2.75171065,-0.99188741,-254
231,-2.74193548,-0.99172791,-254
232,-2.73216031,-0.99156529,-254
233,-2.72238514,-0.99139948,-254
234,-2.71260997,-0.99123043,-254
235,-2.70283480,-0.99105807,-254
236,-2.69305963,-0.99088233,-254
237,-2.68328446,-0.99070316,-254
238,-2.67350929,-0.99052049,-254
239,-2.66373412,-0.99033424,-254
240,-2.65395894,-0.99014435,-253
241,-2.64418377,-0.98995075,-253
242,-2.63440860,-0.98975337,-253
243,-2.62463343,-0.98955213,-253
244,-2.61485826,-0.98934696,-253
245,-2.60508309,-0.98913778,-253
246,-2.59530792,-0.98892452,-253
247,-2.58553275,-0.98870710,-253
248,-2.57575758,-0.98848543,-253
249,-2.56598240,-0.98825943,-253
250,-2.55620723,-0.98802903,-253
251,-2.54643206,-0.98779413,-253
252,-2.53665689,-0.98755466,-253
253,-2.52688172,-0.98731051,-253
254,-2.51710655,-0.98706161,-253
255,-2.50733138,-0.98680785,-253
256,-2.49755621,-0.98654916,-253
257,-2.48778104,-0.98628542,-252
258,-2.47800587,-0.98601655,-252
259,-2.46823069,-0.98574245,-252
260,-2.45845552,-0.98546301,-252
261,-2.44868035,-0.98517814,-252
262,-2.43890518,-0.98488773,-252
263,-2.42913001,-0.98459167,-252
264,-2.41935484,-0.98428985,-252
265,-2.40957967,-0.98398218,-252
266,-2.39980450,-0.98366853,-252
267,-2.39002933,-0.98334878,-252
268,-2.38025415,-0.98302283,-252
269,-2.37047898,-0.98269056,-252
270,-2.36070381,-0.98235184,-251
271,-2.35092864,-0.98200655,-251
272,-2.34115347,-0.98165457,-251
273,-2.33137830,-0.98129577,-251
274,-2.32160313,-0.98093002,-251
275,-2.31182796,-0.98055719,-251
276,-2.30205279,-0.98017714,-251
277,-2.29227761,-0.97978973,-251
278,-2.28250244,-0.97939484,-251
279,-2.27272727,-0.97899231,-251
280,-2.26295210,-0.97858200,-251
281,-2.25317693,-0.97816377,-250
282,-2.24340176,-0.97773746,-250
283,-2.23362659,-0.97730293,-250
284,-2.22385142,-0.97686001,-250
285,-2.21407625,-0.97640856,-250
286,-2.20430108,-0.97594840,-250
287,-2.19452590,-0.97547938,-250
288,-2.18475073,-0.97500132,-250
289,-2.17497556,-0.97451407,-249
290,-2.16520039,-0.97401745,-249
291,-2.15542522,-0.97351128,-249
292,-2.14565005,-0.97299538,-249
293,-2.13587488,-0.97246957,-249
294,-2.12609971,-0.97193367,-249
295,-2.11632454,-0.97138750,-249
296,-2.10654936,-0.97083085,-249
297,-2.09677419,-0.97026353,-248
298,-2.08699902,-0.96968535,-248
299,-2.07722385,-0.96909611,-248
300,-2.06744868,-0.96849559,-248
301,-2.05767351,-0.96788360,-248
302,-2.04789834,-0.96725991,-248
303,-2.03812317,-0.96662432,-247
304,-2.02834800,-0.96597660,-247
305,-2.01857283,-0.96531654,-247
306,-2.00879765,-0.96464390,-247
307,-1.99902248,-0.96395845,-247
308,-1.98924731,-0.96325997,-247
309,-1.97947214,-0.96254820,-246
310,-1.96969697,-0.96182292,-246
311,-1.95992180,-0.96108386,-246
312,-1.95014663,-0.96033079,-246
313,-1.94037146,-0.95956345,-246
314,-1.93059629,-0.95878158,-245
315,-1.92082111,-0.95798491,-245
316,-1.91104594,-0.95717318,-245
317,-1.90127077,-0.95634612,-245
318,-1.89149560,-0.95550345,-245
319,-1.88172043,-0.95464489,-244
320,-1.87194526,-0.95377015,-244
321,-1.86217009,-0.95287895,-244
322,-1.85239492,-0.95197100,-244
323,-1.84261975,-0.95104598,-243
324,-1.83284457,-0.95010361,-243
325,-1.82306940,-0.94914357,-243
326,-1.81329423,-0.94816555,-243
327,-1.80351906,-0.94716923,-242
328,-1.79374389,-0.94615429,-242
329,-1.78396872,-0.94512040,-242
330,-1.77419355,-0.94406723,-242
331,-1.76441838,-0.94299444,-241
332,-1.75464321,-0.94190169,-241
333,-1.74486804,-0.94078863,-241
334,-1.73509286,-0.93965491,-241
335,-1.72531769,-0.93850017,-240
336,-1.71554252,-0.93732404,-240
337,-1.70576735,-0.93612617,-240
338,-1.69599218,-0.93490617,-239
339,-1.68621701,-0.93366367,-239
340,-1.67644184,-0.93239828,-239
341,-1.66666667,-0.93110961,-238
342,-1.65689150,-0.92979727,-238
343,-1.64711632,-0.92846085,-238
344,-1.63734115,-0.92709996,-237
345,-1.62756598,-0.92571417,-237
346,-1.61779081,-0.92430308,-237
347,-1.60801564,-0.92286625,-236
348,-1.59824047,-0.92140327,-236
349,-1.58846530,-0.91991369,-235
350,-1.57869013,-0.91839708,-235
351,-1.56891496,-0.91685300,-235
352,-1.55913978,-0.91528099,-234
353,-1.54936461,-0.91368059,-234
354,-1.53958944,-0.91205135,-233
355,-1.52981427,-0.91039281,-233
356,-1.52003910,-0.90870447,-233
357,-1.51026393,-0.90698588,-232
358,-1.50048876,-0.90523654,-232
359,-1.49071359,-0.90345596,-231
360,-1.48093842,-0.90164366,-231
361,-1.47116325,-0.89979912,-230
362,-1.46138807,-0.89792185,-230
363,-1.45161290,-0.89601134,-229
364,-1.44183773,-0.89406706,-229
365,-1.43206256,-0.89208850,-228
366,-1.42228739,-0.89007514,-228
367,-1.41251222,-0.88802643,-227
368,-1.40273705,-0.88594184,-227
369,-1.39296188,-0.88382083,-226
370,-1.38318671,-0.88166285,-226
371,-1.37341153,-0.87946736,-225
372,-1.36363636,-0.87723379,-225
373,-1.35386119,-0.87496158,-224
374,-1.34408602,-0.87265017,-223
375,-1.33431085,-0.87029899,-223
376,-1.32453568,-0.86790746,-222
377,-1.31476051,-0.86547501,-222
378,-1.30498534,-0.86300105,-221
379,-1.29521017,-0.86048500,-220
380,-1.28543500,-0.85792626,-220
381,-1.27565982,-0.85532424,-219
382,-1.26588465,-0.85267835,-218
383,-1.25610948,-0.84998798,-218
384,-1.24633431,-0.84725252,-217
385,-1.23655914,-0.84447139,-216
386,-1.22678397,-0.84164395,-215
387,-1.21700880,-0.83876961,-215
388,-1.20723363,-0.83584774,-214
389,-1.19745846,-0.83287774,-213
390,-1.18768328,-0.82985898,-212
391,-1.17790811,-0.82679085,-212
392,-1.16813294,-0.82367272,-211
393,-1.15835777,-0.82050397,-210
394,-1.14858260,-0.81728398,-209
395,-1.13880743,-0.81401213,-208
396,-1.12903226,-0.81068779,-208
397,-1.11925709,-0.80731035,-207
398,-1.10948192,-0.80387918,-206
399,-1.09970674,-0.80039366,-205
400,-1.08993157,-0.79685317,-204
401,-1.08015640,-0.79325709,-203
402,-1.07038123,-0.78960481,-202
403,-1.06060606,-0.78589571,-201
404,-1.05083089,-0.78212918,-200
405,-1.04105572,-0.77830462,-199
406,-1.03128055,-0.77442141,-198
407,-1.02150538,-0.77047897,-197
408,-1.01173021,-0.76647670,-196
409,-1.00195503,-0.76241400,-195
410,-0.99217986,-0.75829029,-194
411,-0.98240469,-0.75410499,-193
412,-0.97262952,-0.74985754,-192
413,-0.96285435,-0.74554735,-191
414,-0.95307918,-0.74117389,-190
415,-0.94330401,-0.73673659,-189
416,-0.93352884,-0.73223492,-187
417,-0.92375367,-0.72766834,-186
418,-0.91397849,-0.72303633,-185
419,-0.90420332,-0.71833839,-184
420,-0.89442815,-0.71357400,-183
421,-0.88465298,-0.70874268,-181
422,-0.87487781,-0.70384395,-180
423,-0.86510264,-0.69887735,-179
424,-0.85532747,-0.69384243,-178
425,-0.84555230,-0.68873874,-176
426,-0.83577713,-0.68356587,-175
427,-0.82600196,-0.67832340,-174
428,-0.81622678,-0.67301095,-172
429,-0.80645161,-0.66762814,-171
430,-0.79667644,-0.66217462,-170
431,-0.78690127,-0.65665003,-168
432,-0.77712610,-0.65105407,-167
433,-0.76735093,-0.64538642,-165
434,-0.75757576,-0.63964681,-164
435,-0.74780059,-0.63383498,-162
436,-0.73802542,-0.62795068,-161
437,-0.72825024,-0.62199370,-159
438,-0.71847507,-0.61596384,-158
439,-0.70869990,-0.60986093,-156
440,-0.69892473,-0.60368482,-155
441,-0.68914956,-0.59743539,-153
442,-0.67937439,-0.59111253,-151
443,-0.66959922,-0.58471619,-150
444,-0.65982405,-0.57824631,-148
445,-0.65004888,-0.57170287,-146
446,-0.64027370,-0.56508589,-145
447,-0.63049853,-0.55839540,-143
448,-0.62072336,-0.55163147,-141
449,-0.61094819,-0.54479421,-139
450,-0.60117302,-0.53788374,-138
451,-0.59139785,-0.53090021,-136
452,-0.58162268,-0.52384383,-134
453,-0.57184751,-0.51671480,-132
454,-0.56207234,-0.50951340,-130
455,-0.55229717,-0.50223991,-129
456,-0.54252199,-0.49489465,-127
457,-0.53274682,-0.48747798,-125
458,-0.52297165,-0.47999028,-123
459,-0.51319648,-0.47243200,-121
460,-0.50342131,-0.46480358,-119
461,-0.49364614,-0.45710553,-117
462,-0.48387097,-0.44933838,-115
463,-0.47409580,-0.44150269,-113
464,-0.46432063,-0.43359909,-111
465,-0.45454545,-0.42562820,-109
466,-0.44477028,-0.41759071,-107
467,-0.43499511,-0.40948733,-105
468,-0.42521994,-0.40131882,-103
469,-0.41544477,-0.39308597,-101
470,-0.40566960,-0.38478961,-99
471,-0.39589443,-0.37643061,-96
472,-0.38611926,-0.36800986,-94
473,-0.37634409,-0.35952831,-92
474,-0.36656891,-0.35098694,-90
475,-0.35679374,-0.34238676,-88
476,-0.34701857,-0.33372881,-85
477,-0.33724340,-0.32501420,-83
478,-0.32746823,-0.31624404,-81
479,-0.31769306,-0.30741949,-79
480,-0.30791789,-0.29854174,-76
481,-0.29814272,-0.28961203,-74
482,-0.28836755,-0.28063161,-72
483,-0.27859238,-0.27160179,-70
484,-0.26881720,-0.26252390,-67
485,-0.25904203,-0.25339930,-65
486,-0.24926686,-0.24422938,-63
487,-0.23949169,-0.23501557,-60
488,-0.22971652,-0.22575934,-58
489,-0.21994135,-0.21646216,-55
490,-0.21016618,-0.20712555,-53
491,-0.20039101,-0.19775107,-51
492,-0.19061584,-0.18834027,-48
493,-0.18084066,-0.17889475,-46
494,-0.17106549,-0.16941614,-43
495,-0.16129032,-0.15990609,-41
496,-0.15151515,-0.15036626,-38
497,-0.14173998,-0.14079835,-36
498,-0.13196481,-0.13120407,-34
499,-0.12218964,-0.12158514,-31
500,-0.11241447,-0.11194332,-29
501,-0.10263930,-0.10228038,-26
502,-0.09286413,-0.09259810,-24
503,-0.08308895,-0.08289827,-21
504,-0.07331378,-0.07318271,-19
505,-0.06353861,-0.06345324,-16
506,-0.05376344,-0.05371170,-14
507,-0.04398827,-0.04395992,-11
508,-0.03421310,-0.03419976,-9
509,-0.02443793,-0.02443306,-6
510,-0.01466276,-0.01466171,-4
511,-0.00488759,-0.00488755,-1
512,0.00488759,0.00488755,1
513,0.01466276,0.01466171,4
514,0.02443793,0.02443306,6
515,0.03421310,0.03419976,9
516,0.04398827,0.04395992,11
517,0.05376344,0.05371170,14
518,0.06353861,0.06345324,16
519,0.07331378,0.07318271,19
520,0.08308895,0.08289827,21
521,0.09286413,0.09259810,24
522,0.10263930,0.10228038,26
523,0.11241447,0.11194332,29
524,0.12218964,0.12158514,31
525,0.13196481,0.13120407,34
526,0.14173998,0.14079835,36
527,0.15151515,0.15036626,38
528,0.16129032,0.15990609,41
529,0.17106549,0.16941614,43
530,0.18084066,0.17889475,46
531,0.19061584,0.18834027,48
532,0.20039101,0.19775107,51
533,0.21016618,0.20712555,53
534,0.21994135,0.21646216,55
535,0.22971652,0.22575934,58
536,0.23949169,0.23501557,60
537,0.24926686,0.24422938,63
538,0.25904203,0.25339930,65
539,0.26881720,0.26252390,67
540,0.27859238,0.27160179,70
541,0.28836755,0.28063161,72
542,0.29814272,0.28961203,74
543,0.30791789,0.29854174,76
544,0.31769306,0.30741949,79
545,0.32746823,0.31624404,81
546,0.33724340,0.32501420,83
547,0.34701857,0.33372881,85
548,0.35679374,0.34238676,88
549,0.36656891,0.35098694,90
550,0.37634409,0.35952831,92
551,0.38611926,0.36800986,94
552,0.39589443,0.37643061,96
553,0.40566960,0.38478961,99
554,0.41544477,0.39308597,101
555,0.42521994,0.40131882,103
556,0.43499511,0.40948733,105
557,0.44477028,0.41759071,107
558,0.45454545,0.42562820,109
559,0.46432063,0.43359909,111
560,0.47409580,0.44150269,113
561,0.48387097,0.44933838,115
562,0.49364614,0.45710553,117
563,0.50342131,0.46480358,119
564,0.51319648,0.47243200,121
565,0.52297165,0.47999028,123
566,0.53274682,0.48747798,125
567,0.54252199,0.49489465,127
568,0.55229717,0.50223991,129
569,0.56207234,0.50951340,130
570,0.57184751,0.51671480,132
571,0.58162268,0.52384383,134
572,0.59139785,0.53090021,136
573,0.60117302,0.53788374,138
574,0.61094819,0.54479421,139
575,0.62072336,0.55163147,141
576,0.63049853,0.55839540,143
577,0.64027370,0.56508589,145
578,0.65004888,0.57170287,146
579,0.65982405,0.57824631,148
580,0.66959922,0.58471619,150
581,0.67937439,0.59111253,151
582,0.68914956,0.59743539,153
583,0.69892473,0.60368482,155
584,0.70869990,0.60986093,156
585,0.71847507,0.61596384,158
586,0.72825024,0.62199370,159
587,0.73802542,0.62795068,161
588,0.74780059,0.63383498,162
589,0.75757576,0.63964681,164
590,0.76735093,0.64538642,165
591,0.77712610,0.65105407,167
592,0.78690127,0.65665003,168
593,0.79667644,0.66217462,170
594,0.80645161,0.66762814,171
595,0.81622678,0.67301095,172
596,0.82600196,0.67832340,174
597,0.83577713,0.68356587,175
598,0.84555230,0.68873874,176
599,0.85532747,0.69384243,178
600,0.86510264,0.69887735,179
601,0.87487781,0.70384395,180
602,0.88465298,0.70874268,181
603,0.89442815,0.71357400,183
604,0.90420332,0.71833839,184
605,0.91397849,0.72303633,185
606,0.92375367,0.72766834,186
607,0.93352884,0.73223492,187
608,0.94330401,0.73673659,189
609,0.95307918,0.74117389,190
610,0.96285435,0.74554735,191
611,0.97262952,0.74985754,192
612,0.98240469,0.75410499,193
613,0.99217986,0.75829029,194
614,1.00195503,0.76241400,195
615,1.01173021,0.76647670,196
616,1.02150538,0.77047897,197
617,1.03128055,0.77442141,198
618,1.04105572,0.77830462,199
619,1.05083089,0.78212918,200
620,1.06060606,0.78589571,201
621,1.07038123,0.78960481,202
622,1.08015640,0.79325709,203
623,1.08993157,0.79685317,204
624,1.09970674,0.80039366,205
625,1.10948192,0.80387918,206
626,1.11925709,0.80731035,207
627,1.12903226,0.81068779,208
628,1.13880743,0.81401213,208
629,1.14858260,0.81728398,209
630,1.15835777,0.82050397,210
631,1.16813294,0.82367272,211
632,1.17790811,0.82679085,212
633,1.18768328,0.82985898,212
634,1.19745846,0.83287774,213
635,1.20723363,0.83584774,214
636,1.21700880,0.83876961,215
637,1.22678397,0.84164395,215
638,1.23655914,0.84447139,216
639,1.24633431,0.84725252,217
640,1.25610948,0.84998798,218
641,1.26588465,0.85267835,218
642,1.27565982,0.85532424,219
643,1.28543500,0.85792626,220
644,1.29521017,0.86048500,220
645,1.30498534,0.86300105,221
646,1.31476051,0.86547501,222
647,1.32453568,0.86790746,222
648,1.33431085,0.87029899,223
649,1.34408602,0.87265017,223
650,1.35386119,0.87496158,224
651,1.36363636,0.87723379,225
652,1.37341153,0.87946736,225
653,1.38318671,0.88166285,226
654,1.39296188,0.88382083,226
655,1.40273705,0.88594184,227
656,1.41251222,0.88802643,227
657,1.42228739,0.89007514,228
658,1.43206256,0.89208850,228
659,1.44183773,0.89406706,229
660,1.45161290,0.89601134,229
661,1.46138807,0.89792185,230
662,1.47116325,0.89979912,230
663,1.48093842,0.90164366,231
664,1.49071359,0.90345596,231
665,1.50048876,0.90523654,232
666,1.51026393,0.90698588,232
667,1.52003910,0.90870447,233
668,1.52981427,0.91039281,233
669,1.53958944,0.91205135,233
670,1.54936461,0.91368059,234
671,1.55913978,0.91528099,234
672,1.56891496,0.91685300,235
673,1.57869013,0.91839708,235
674,1.58846530,0.91991369,235
675,1.59824047,0.92140327,236
676,1.60801564,0.92286625,236
677,1.61779081,0.92430308,237
678,1.62756598,0.92571417,237
679,1.63734115,0.92709996,237
680,1.64711632,0.92846085,238
681,1.65689150,0.92979727,238
682,1.66666667,0.93110961,238
683,1.67644184,0.93239828,239
684,1.68621701,0.93366367,239
685,1.69599218,0.93490617,239
686,1.70576735,0.93612617,240
687,1.71554252,0.93732404,240
688,1.72531769,0.93850017,240
689,1.73509286,0.93965491,241
690,1.74486804,0.94078863,241
691,1.75464321,0.94190169,241
692,1.76441838,0.94299444,241
693,1.77419355,0.94406723,242
694,1.78396872,0.94512040,242
695,1.79374389,0.94615429,242
696,1.80351906,0.94716923,242
697,1.81329423,0.94816555,243
698,1.82306940,0.94914357,243
699,1.83284457,0.95010361,243
700,1.84261975,0.95104598,243
701,1.85239492,0.95197100,244
702,1.86217009,0.95287895,244
703,1.87194526,0.95377015,244
704,1.88172043,0.95464489,244
705,1.89149560,0.95550345,245
706,1.90127077,0.95634612,245
707,1.91104594,0.95717318,245
708,1.92082111,0.95798491,245
709,1.93059629,0.95878158,245
710,1.94037146,0.95956345,246
711,1.95014663,0.96033079,246
712,1.95992180,0.96108386,246
713,1.96969697,0.96182292,246
714,1.97947214,0.96254820,246
715,1.98924731,0.96325997,247
716,1.99902248,0.96395845,247
717,2.00879765,0.96464390,247
718,2.01857283,0.96531654,247
719,2.02834800,0.96597660,247
720,2.03812317,0.96662432,247
721,2.04789834,0.96725991,248
722,2.05767351,0.96788360,248
723,2.06744868,0.96849559,248
724,2.07722385,0.96909611,248
725,2.08699902,0.96968535,248
726,2.09677419,0.97026353,248
727,2.10654936,0.97083085,249
728,2.11632454,0.97138750,249
729,2.12609971,0.97193367,249
730,2.13587488,0.97246957,249
731,2.14565005,0.97299538,249
732,2.15542522,0.97351128,249
733,2.16520039,0.97401745,249
734,2.17497556,0.97451407,249
735,2.18475073,0.97500132,250
736,2.19452590,0.97547938,250
737,2.20430108,0.97594840,250
738,2.21407625,0.97640856,250
739,2.22385142,0.97686001,250
740,2.23362659,0.97730293,250
741,2.24340176,0.97773746,250
742,2.25317693,0.97816377,250
743,2.26295210,0.97858200,251
744,2.27272727,0.97899231,251
745,2.28250244,0.97939484,251
746,2.29227761,0.97978973,251
747,2.30205279,0.98017714,251
748,2.31182796,0.98055719,251
749,2.32160313,0.98093002,251
750,2.33137830,0.98129577,251
751,2.34115347,0.98165457,251
752,2.35092864,0.98200655,251
753,2.36070381,0.98235184,251
754,2.37047898,0.98269056,252
755,2.38025415,0.98302283,252
756,2.39002933,0.98334878,252
757,2.39980450,0.98366853,252
758,2.40957967,0.98398218,252
759,2.41935484,0.98428985,252
760,2.42913001,0.98459167,252
761,2.43890518,0.98488773,252
762,2.44868035,0.98517814,252
763,2.45845552,0.98546301,252
764,2.46823069,0.98574245,252
765,2.47800587,0.98601655,252
766,2.48778104,0.98628542,252
767,2.49755621,0.98654916,253
768,2.50733138,0.98680785,253
769,2.51710655,0.98706161,253
770,2.52688172,0.98731051,253
771,2.53665689,0.98755466,253
772,2.54643206,0.98779413,253
773,2.55620723,0.98802903,253
774,2.56598240,0.98825943,253
775,2.57575758,0.98848543,253
776,2.58553275,0.98870710,253
777,2.59530792,0.98892452,253
778,2.60508309,0.98913778,253
779,2.61485826,0.98934696,253
780,2.62463343,0.98955213,253
781,2.63440860,0.98975337,253
782,2.64418377,0.98995075,253
783,2.65395894,0.99014435,253
784,2.66373412,0.99033424,254
785,2.67350929,0.99052049,254
786,2.68328446,0.99070316,254
787,2.69305963,0.99088233,254
788,2.70283480,0.99105807,254
789,2.71260997,0.99123043,254
790,2.72238514,0.99139948,254
791,2.73216031,0.99156529,254
792,2.74193548,0.99172791,254
793,2.75171065,0.99188741,254
794,2.76148583,0.99204385,254
795,2.77126100,0.99219729,254
796,2.78103617,0.99234777,254
797,2.79081134,0.99249537,254
798,2.80058651,0.99264013,254
799,2.81036168,0.99278210,254
800,2.82013685,0.99292135,254
801,2.82991202,0.99305792,254
802,2.83968719,0.99319187,254
803,2.84946237,0.99332323,254
804,2.85923754,0.99345208,254
805,2.86901271,0.99357844,254
806,2.87878788,0.99370237,254
807,2.88856305,0.99382392,254
808,2.89833822,0.99394313,254
809,2.90811339,0.99406005,254
810,2.91788856,0.99417471,255
811,2.92766373,0.99428717,255
812,2.93743891,0.99439746,255
813,2.94721408,0.99450563,255
814,2.95698925,0.99461172,255
815,2.96676442,0.99471576,255
816,2.97653959,0.99481780,255
817,2.98631476,0.99491788,255
818,2.99608993,0.99501603,255
819,3.00586510,0.99511228,255
820,3.01564027,0.99520668,255
821,3.02541544,0.99529927,255
822,3.03519062,0.99539007,255
823,3.04496579,0.99547911,255
824,3.05474096,0.99556645,255
825,3.06451613,0.99565210,255
826,3.07429130,0.99573609,255
827,3.08406647,0.99581847,255
828,3.09384164,0.99589926,255
829,3.10361681,0.99597850,255
830,3.11339198,0.99605620,255
831,3.12316716,0.99613241,255
832,3.13294233,0.99620714,255
833,3.14271750,0.99628044,255
834,3.15249267,0.99635232,255
835,3.16226784,0.99642281,255
836,3.17204301,0.99649195,255
837,3.18181818,0.99655975,255
838,3.19159335,0.99662624,255
839,3.20136852,0.99669145,255
840,3.21114370,0.99675540,255
841,3.22091887,0.99681812,255
842,3.23069404,0.99687963,255
843,3.24046921,0.99693995,255
844,3.25024438,0.99699910,255
845,3.26001955,0.99705711,255
846,3.26979472,0.99711401,255
847,3.27956989,0.99716980,255
848,3.28934506,0.99722452,255
849,3.29912023,0.99727818,255
850,3.30889541,0.99733081,255
851,3.31867058,0.99738242,255
852,3.32844575,0.99743303,255
853,3.33822092,0.99748266,255
854,3.34799609,0.99753134,255
855,3.35777126,0.99757908,255
856,3.36754643,0.99762589,255
857,3.37732160,0.99767180,255
858,3.38709677,0.99771683,255
859,3.39687195,0.99776098,255
860,3.40664712,0.99780428,255
861,3.41642229,0.99784674,255
862,3.42619746,0.99788839,255
863,3.43597263,0.99792923,255
864,3.44574780,0.99796928,255
865,3.45552297,0.99800856,255
866,3.46529814,0.99804707,256
867,3.47507331,0.99808485,256
868,3.48484848,0.99812189,256
869,3.49462366,0.99815822,256
870,3.50439883,0.99819384,256
871,3.51417400,0.99822878,256
872,3.52394917,0.99826304,256
873,3.53372434,0.99829664,256
874,3.54349951,0.99832959,256
875,3.55327468,0.99836191,256
876,3.56304985,0.99839359,256
877,3.57282502,0.99842467,256
878,3.58260020,0.99845515,256
879,3.59237537,0.99848503,256
880,3.60215054,0.99851434,256
881,3.61192571,0.99854308,256
882,3.62170088,0.99857127,256
883,3.63147605,0.99859891,256
884,3.64125122,0.99862602,256
885,3.65102639,0.99865260,256
886,3.66080156,0.99867867,256
887,3.67057674,0.99870424,256
888,3.68035191,0.99872931,256
889,3.69012708,0.99875389,256
890,3.69990225,0.99877800,256
891,3.70967742,0.99880165,256
892,3.71945259,0.99882483,256
893,3.72922776,0.99884757,256
894,3.73900293,0.99886987,256
895,3.74877810,0.99889174,256
896,3.75855327,0.99891318,256
897,3.76832845,0.99893421,256
898,3.77810362,0.99895484,256
899,3.78787879,0.99897506,256
900,3.79765396,0.99899490,256
901,3.80742913,0.99901434,256
902,3.81720430,0.99903342,256
903,3.82697947,0.99905212,256
904,3.83675464,0.99907047,256
905,3.84652981,0.99908845,256
906,3.85630499,0.99910609,256
907,3.86608016,0.99912339,256
908,3.87585533,0.99914036,256
909,3.88563050,0.99915699,256
910,3.89540567,0.99917331,256
911,3.90518084,0.99918931,256
912,3.91495601,0.99920500,256
913,3.92473118,0.99922038,256
914,3.93450635,0.99923547,256
915,3.94428152,0.99925027,256
916,3.95405670,0.99926477,256
917,3.96383187,0.99927900,256
918,3.97360704,0.99929296,256
919,3.98338221,0.99930664,256
920,3.99315738,0.99932006,256
921,4.00293255,0.99933322,256
922,4.01270772,0.99934613,256
923,4.02248289,0.99935878,256
924,4.03225806,0.99937119,256
925,4.04203324,0.99938336,256
926,4.05180841,0.99939530,256
927,4.06158358,0.99940700,256
928,4.07135875,0.99941848,256
929,4.08113392,0.99942973,256
930,4.09090909,0.99944077,256
931,4.10068426,0.99945159,256
932,4.11045943,0.99946221,256
933,4.12023460,0.99947262,256
934,4.13000978,0.99948283,256
935,4.13978495,0.99949284,256
936,4.14956012,0.99950265,256
937,4.15933529,0.99951228,256
938,4.16911046,0.99952172,256
939,4.17888563,0.99953098,256
940,4.18866080,0.99954006,256
941,4.19843597,0.99954896,256
942,4.20821114,0.99955769,256
943,4.21798631,0.99956625,256
944,4.22776149,0.99957465,256
945,4.23753666,0.99958288,256
946,4.24731183,0.99959095,256
947,4.25708700,0.99959887,256
948,4.26686217,0.99960664,256
949,4.27663734,0.99961425,256
950,4.28641251,0.99962172,256
951,4.29618768,0.99962904,256
952,4.30596285,0.99963622,256
953,4.31573803,0.99964326,256
954,4.32551320,0.99965017,256
955,4.33528837,0.99965694,256
956,4.34506354,0.99966358,256
957,4.35483871,0.99967009,256
958,4.36461388,0.99967648,256
959,4.37438905,0.99968274,256
960,4.38416422,0.99968888,256
961,4.39393939,0.99969490,256
962,4.40371457,0.99970081,256
963,4.41348974,0.99970660,256
964,4.42326491,0.99971228,256
965,4.43304008,0.99971785,256
966,4.44281525,0.99972331,256
967,4.45259042,0.99972867,256
968,4.46236559,0.99973392,256
969,4.47214076,0.99973907,256
970,4.48191593,0.99974412,256
971,4.49169110,0.99974908,256
972,4.50146628,0.99975393,256
973,4.51124145,0.99975870,256
974,4.52101662,0.99976337,256
975,4.53079179,0.99976795,256
976,4.54056696,0.99977244,256
977,4.55034213,0.99977685,256
978,4.56011730,0.99978117,256
979,4.56989247,0.99978540,256
980,4.57966764,0.99978956,256
981,4.58944282,0.99979363,256
982,4.59921799,0.99979763,256
983,4.60899316,0.99980154,256
984,4.61876833,0.99980538,256
985,4.62854350,0.99980915,256
986,4.63831867,0.99981285,256
987,4.64809384,0.99981647,256
988,4.65786901,0.99982002,256
989,4.66764418,0.99982351,256
990,4.67741935,0.99982692,256
991,4.68719453,0.99983027,256
992,4.69696970,0.99983356,256
993,4.70674487,0.99983678,256
994,4.71652004,0.99983994,256
995,4.72629521,0.99984304,256
996,4.73607038,0.99984608,256
997,4.74584555,0.99984906,256
998,4.75562072,0.99985198,256
999,4.76539589,0.99985485,256
1000,4.77517107,0.99985766,256
1001,4.78494624,0.99986041,256
1002,4.79472141,0.99986311,256
1003,4.80449658,0.99986576,256
1004,4.81427175,0.99986836,256
1005,4.82404692,0.99987091,256
1006,4.83382209,0.99987341,256
1007,4.84359726,0.99987586,256
1008,4.85337243,0.99987826,256
1009,4.86314761,0.99988062,256
1010,4.87292278,0.99988293,256
1011,4.88269795,0.99988520,256
1012,4.89247312,0.99988742,256
1013,4.90224829,0.99988960,256
1014,4.91202346,0.99989174,256
1015,4.92179863,0.99989383,256
1016,4.93157380,0.99989589,256
1017,4.94134897,0.99989790,256
1018,4.95112414,0.99989988,256
1019,4.96089932,0.99990182,256
1020,4.97067449,0.99990372,256
1021,4.98044966,0.99990558,256
1022,4.99022483,0.99990741,256
1023,5.00000000,0.99990920,256
